n_reg,n_l,n_yl,n_kv,n_v,rn_v,rn_l,rn_yl,rn_kv,c_reg,c_l,c_yl,c_kv,c_v,n_yr
Кировская область,Слободское,Слободское,5,1,43:31:7:1:2,43:31,43:31:7,43:31:7:1,43,31,7,1,2,
Кировская область,Слободское,Слободское,5,2,43:31:7:1:3,43:31,43:31:7,43:31:7:1,43,31,7,1,3,
Кировская область,Слободское,Слободское,5,3,43:31:7:1:7,43:31,43:31:7,43:31:7:1,43,31,7,1,7,
Кировская область,Слободское,Слободское,5,4,43:31:7:1:8,43:31,43:31:7,43:31:7:1,43,31,7,1,8,
Кировская область,Слободское,Слободское,5,5,43:31:7:1:6,43:31,43:31:7,43:31:7:1,43,31,7,1,6,
Кировская область,Слободское,Слободское,5,6,43:31:7:1:10,43:31,43:31:7,43:31:7:1,43,31,7,1,10,
Кировская область,Слободское,Слободское,5,7,43:31:7:1:12,43:31,43:31:7,43:31:7:1,43,31,7,1,12,
Кировская область,Слободское,Слободское,5,8,43:31:7:1:18,43:31,43:31:7,43:31:7:1,43,31,7,1,18,
Кировская область,Слободское,Слободское,5,9,43:31:7:1:15,43:31,43:31:7,43:31:7:1,43,31,7,1,15,
Кировская область,Слободское,Слободское,5,10,43:31:7:1:17,43:31,43:31:7,43:31:7:1,43,31,7,1,17,
Кировская область,Слободское,Слободское,5,11,43:31:7:1:19,43:31,43:31:7,43:31:7:1,43,31,7,1,19,
Кировская область,Слободское,Слободское,5,12,43:31:7:1:20,43:31,43:31:7,43:31:7:1,43,31,7,1,20,
Кировская область,Слободское,Слободское,5,13,43:31:7:1:22,43:31,43:31:7,43:31:7:1,43,31,7,1,22,
Кировская область,Слободское,Слободское,5,14,43:31:7:1:25,43:31,43:31:7,43:31:7:1,43,31,7,1,25,
Кировская область,Слободское,Слободское,5,15,43:31:7:1:27,43:31,43:31:7,43:31:7:1,43,31,7,1,27,
Кировская область,Слободское,Слободское,5,16,43:31:7:1:32,43:31,43:31:7,43:31:7:1,43,31,7,1,32,
Кировская область,Слободское,Слободское,5,17,43:31:7:1:30,43:31,43:31:7,43:31:7:1,43,31,7,1,30,
Кировская область,Слободское,Слободское,5,18,43:31:7:1:39,43:31,43:31:7,43:31:7:1,43,31,7,1,39,
Кировская область,Слободское,Слободское,5,19,43:31:7:1:1,43:31,43:31:7,43:31:7:1,43,31,7,1,1,
Кировская область,Слободское,Слободское,5,20,43:31:7:1:21,43:31,43:31:7,43:31:7:1,43,31,7,1,21,
Кировская область,Слободское,Слободское,5,21,43:31:7:1:4,43:31,43:31:7,43:31:7:1,43,31,7,1,4,
Кировская область,Слободское,Слободское,5,22,43:31:7:1:5,43:31,43:31:7,43:31:7:1,43,31,7,1,5,
Кировская область,Слободское,Слободское,5,23,43:31:7:1:11,43:31,43:31:7,43:31:7:1,43,31,7,1,11,
Кировская область,Слободское,Слободское,5,24,43:31:7:1:33,43:31,43:31:7,43:31:7:1,43,31,7,1,33,
Кировская область,Слободское,Слободское,5,25,43:31:7:1:31,43:31,43:31:7,43:31:7:1,43,31,7,1,31,
Кировская область,Слободское,Слободское,5,26,43:31:7:1:35,43:31,43:31:7,43:31:7:1,43,31,7,1,35,
Кировская область,Слободское,Слободское,5,27,43:31:7:1:23,43:31,43:31:7,43:31:7:1,43,31,7,1,23,
Кировская область,Слободское,Слободское,5,28,43:31:7:1:38,43:31,43:31:7,43:31:7:1,43,31,7,1,38,
Кировская область,Слободское,Слободское,5,29,43:31:7:1:26,43:31,43:31:7,43:31:7:1,43,31,7,1,26,
Кировская область,Слободское,Слободское,5,30,43:31:7:1:28,43:31,43:31:7,43:31:7:1,43,31,7,1,28,
Кировская область,Слободское,Слободское,5,31,43:31:7:1:29,43:31,43:31:7,43:31:7:1,43,31,7,1,29,
Кировская область,Слободское,Слободское,5,32,43:31:7:1:24,43:31,43:31:7,43:31:7:1,43,31,7,1,24,
Кировская область,Слободское,Слободское,5,33,43:31:7:1:14,43:31,43:31:7,43:31:7:1,43,31,7,1,14,
Кировская область,Слободское,Слободское,5,34,43:31:7:1:34,43:31,43:31:7,43:31:7:1,43,31,7,1,34,
Кировская область,Слободское,Слободское,5,35,43:31:7:1:37,43:31,43:31:7,43:31:7:1,43,31,7,1,37,
Кировская область,Слободское,Слободское,5,36,43:31:7:1:36,43:31,43:31:7,43:31:7:1,43,31,7,1,36,
Кировская область,Слободское,Слободское,5,37,43:31:7:1:13,43:31,43:31:7,43:31:7:1,43,31,7,1,13,
Кировская область,Слободское,Слободское,5,38,43:31:7:1:9,43:31,43:31:7,43:31:7:1,43,31,7,1,9,
Кировская область,Слободское,Слободское,5,39,43:31:7:1:16,43:31,43:31:7,43:31:7:1,43,31,7,1,16,
Кировская область,Слободское,Слободское,6,1,43:31:7:2:1,43:31,43:31:7,43:31:7:2,43,31,7,2,1,
Кировская область,Слободское,Слободское,6,2,43:31:7:2:11,43:31,43:31:7,43:31:7:2,43,31,7,2,11,
Кировская область,Слободское,Слободское,6,3,43:31:7:2:2,43:31,43:31:7,43:31:7:2,43,31,7,2,2,
Кировская область,Слободское,Слободское,6,4,43:31:7:2:5,43:31,43:31:7,43:31:7:2,43,31,7,2,5,
Кировская область,Слободское,Слободское,6,5,43:31:7:2:6,43:31,43:31:7,43:31:7:2,43,31,7,2,6,
Кировская область,Слободское,Слободское,6,6,43:31:7:2:7,43:31,43:31:7,43:31:7:2,43,31,7,2,7,
Кировская область,Слободское,Слободское,6,7,43:31:7:2:10,43:31,43:31:7,43:31:7:2,43,31,7,2,10,
Кировская область,Слободское,Слободское,6,8,43:31:7:2:22,43:31,43:31:7,43:31:7:2,43,31,7,2,22,
Кировская область,Слободское,Слободское,6,9,43:31:7:2:21,43:31,43:31:7,43:31:7:2,43,31,7,2,21,
Кировская область,Слободское,Слободское,6,10,43:31:7:2:26,43:31,43:31:7,43:31:7:2,43,31,7,2,26,
Кировская область,Слободское,Слободское,6,11,43:31:7:2:25,43:31,43:31:7,43:31:7:2,43,31,7,2,25,
Кировская область,Слободское,Слободское,6,12,43:31:7:2:23,43:31,43:31:7,43:31:7:2,43,31,7,2,23,
Кировская область,Слободское,Слободское,6,13,43:31:7:2:20,43:31,43:31:7,43:31:7:2,43,31,7,2,20,
Кировская область,Слободское,Слободское,6,14,43:31:7:2:18,43:31,43:31:7,43:31:7:2,43,31,7,2,18,
Кировская область,Слободское,Слободское,6,15,43:31:7:2:29,43:31,43:31:7,43:31:7:2,43,31,7,2,29,
Кировская область,Слободское,Слободское,6,16,43:31:7:2:35,43:31,43:31:7,43:31:7:2,43,31,7,2,35,
Кировская область,Слободское,Слободское,6,17,43:31:7:2:36,43:31,43:31:7,43:31:7:2,43,31,7,2,36,
Кировская область,Слободское,Слободское,6,18,43:31:7:2:30,43:31,43:31:7,43:31:7:2,43,31,7,2,30,
Кировская область,Слободское,Слободское,6,19,43:31:7:2:42,43:31,43:31:7,43:31:7:2,43,31,7,2,42,
Кировская область,Слободское,Слободское,6,20,43:31:7:2:38,43:31,43:31:7,43:31:7:2,43,31,7,2,38,
Кировская область,Слободское,Слободское,6,21,43:31:7:2:46,43:31,43:31:7,43:31:7:2,43,31,7,2,46,
Кировская область,Слободское,Слободское,6,22,43:31:7:2:44,43:31,43:31:7,43:31:7:2,43,31,7,2,44,
Кировская область,Слободское,Слободское,6,23,43:31:7:2:45,43:31,43:31:7,43:31:7:2,43,31,7,2,45,
Кировская область,Слободское,Слободское,6,24,43:31:7:2:48,43:31,43:31:7,43:31:7:2,43,31,7,2,48,
Кировская область,Слободское,Слободское,6,25,43:31:7:2:43,43:31,43:31:7,43:31:7:2,43,31,7,2,43,
Кировская область,Слободское,Слободское,6,26,43:31:7:2:12,43:31,43:31:7,43:31:7:2,43,31,7,2,12,
Кировская область,Слободское,Слободское,6,27,43:31:7:2:4,43:31,43:31:7,43:31:7:2,43,31,7,2,4,
Кировская область,Слободское,Слободское,6,28,43:31:7:2:14,43:31,43:31:7,43:31:7:2,43,31,7,2,14,
Кировская область,Слободское,Слободское,6,29,43:31:7:2:13,43:31,43:31:7,43:31:7:2,43,31,7,2,13,
Кировская область,Слободское,Слободское,6,30,43:31:7:2:16,43:31,43:31:7,43:31:7:2,43,31,7,2,16,
Кировская область,Слободское,Слободское,6,31,43:31:7:2:19,43:31,43:31:7,43:31:7:2,43,31,7,2,19,
Кировская область,Слободское,Слободское,6,32,43:31:7:2:15,43:31,43:31:7,43:31:7:2,43,31,7,2,15,
Кировская область,Слободское,Слободское,6,33,43:31:7:2:17,43:31,43:31:7,43:31:7:2,43,31,7,2,17,
Кировская область,Слободское,Слободское,6,34,43:31:7:2:8,43:31,43:31:7,43:31:7:2,43,31,7,2,8,
Кировская область,Слободское,Слободское,6,35,43:31:7:2:9,43:31,43:31:7,43:31:7:2,43,31,7,2,9,
Кировская область,Слободское,Слободское,6,36,43:31:7:2:39,43:31,43:31:7,43:31:7:2,43,31,7,2,39,
Кировская область,Слободское,Слободское,6,37,43:31:7:2:41,43:31,43:31:7,43:31:7:2,43,31,7,2,41,
Кировская область,Слободское,Слободское,6,38,43:31:7:2:32,43:31,43:31:7,43:31:7:2,43,31,7,2,32,
Кировская область,Слободское,Слободское,6,39,43:31:7:2:40,43:31,43:31:7,43:31:7:2,43,31,7,2,40,
Кировская область,Слободское,Слободское,6,40,43:31:7:2:24,43:31,43:31:7,43:31:7:2,43,31,7,2,24,
Кировская область,Слободское,Слободское,6,41,43:31:7:2:28,43:31,43:31:7,43:31:7:2,43,31,7,2,28,
Кировская область,Слободское,Слободское,6,42,43:31:7:2:33,43:31,43:31:7,43:31:7:2,43,31,7,2,33,
Кировская область,Слободское,Слободское,6,43,43:31:7:2:37,43:31,43:31:7,43:31:7:2,43,31,7,2,37,
Кировская область,Слободское,Слободское,6,44,43:31:7:2:27,43:31,43:31:7,43:31:7:2,43,31,7,2,27,
Кировская область,Слободское,Слободское,6,45,43:31:7:2:34,43:31,43:31:7,43:31:7:2,43,31,7,2,34,
Кировская область,Слободское,Слободское,6,46,43:31:7:2:31,43:31,43:31:7,43:31:7:2,43,31,7,2,31,
Кировская область,Слободское,Слободское,6,47,43:31:7:2:3,43:31,43:31:7,43:31:7:2,43,31,7,2,3,
Кировская область,Слободское,Слободское,6,48,43:31:7:2:47,43:31,43:31:7,43:31:7:2,43,31,7,2,47,
Кировская область,Слободское,Слободское,92,1,43:31:7:4:1,43:31,43:31:7,43:31:7:4,43,31,7,4,1,
Кировская область,Слободское,Слободское,92,2,43:31:7:4:3,43:31,43:31:7,43:31:7:4,43,31,7,4,3,
Кировская область,Слободское,Слободское,92,3,43:31:7:4:2,43:31,43:31:7,43:31:7:4,43,31,7,4,2,
Кировская область,Слободское,Слободское,92,4,43:31:7:4:4,43:31,43:31:7,43:31:7:4,43,31,7,4,4,
Кировская область,Слободское,Слободское,92,5,43:31:7:4:6,43:31,43:31:7,43:31:7:4,43,31,7,4,6,
Кировская область,Слободское,Слободское,92,6,43:31:7:4:9,43:31,43:31:7,43:31:7:4,43,31,7,4,9,
Кировская область,Слободское,Слободское,92,7,43:31:7:4:5,43:31,43:31:7,43:31:7:4,43,31,7,4,5,
Кировская область,Слободское,Слободское,92,9,43:31:7:4:10,43:31,43:31:7,43:31:7:4,43,31,7,4,10,
Кировская область,Слободское,Слободское,92,10,43:31:7:4:11,43:31,43:31:7,43:31:7:4,43,31,7,4,11,
Кировская область,Слободское,Слободское,92,11,43:31:7:4:8,43:31,43:31:7,43:31:7:4,43,31,7,4,8,
Кировская область,Слободское,Слободское,92,12,43:31:7:4:7,43:31,43:31:7,43:31:7:4,43,31,7,4,7,
Кировская область,Слободское,Слободское,92,13,43:31:7:4:18,43:31,43:31:7,43:31:7:4,43,31,7,4,18,
Кировская область,Слободское,Слободское,92,14,43:31:7:4:17,43:31,43:31:7,43:31:7:4,43,31,7,4,17,
Кировская область,Слободское,Слободское,92,15,43:31:7:4:14,43:31,43:31:7,43:31:7:4,43,31,7,4,14,
Кировская область,Слободское,Слободское,92,16,43:31:7:4:13,43:31,43:31:7,43:31:7:4,43,31,7,4,13,
Кировская область,Слободское,Слободское,92,17,43:31:7:4:16,43:31,43:31:7,43:31:7:4,43,31,7,4,16,
Кировская область,Слободское,Слободское,92,18,43:31:7:4:15,43:31,43:31:7,43:31:7:4,43,31,7,4,15,
Кировская область,Слободское,Слободское,92,21,43:31:7:4:19,43:31,43:31:7,43:31:7:4,43,31,7,4,19,
Кировская область,Слободское,Слободское,92,22,43:31:7:4:20,43:31,43:31:7,43:31:7:4,43,31,7,4,20,
Кировская область,Слободское,Слободское,92,24,43:31:7:4:21,43:31,43:31:7,43:31:7:4,43,31,7,4,21,
Кировская область,Слободское,Слободское,92,25,43:31:7:4:27,43:31,43:31:7,43:31:7:4,43,31,7,4,27,
Кировская область,Слободское,Слободское,92,26,43:31:7:4:25,43:31,43:31:7,43:31:7:4,43,31,7,4,25,
Кировская область,Слободское,Слободское,92,27,43:31:7:4:26,43:31,43:31:7,43:31:7:4,43,31,7,4,26,
Кировская область,Слободское,Слободское,92,28,43:31:7:4:23,43:31,43:31:7,43:31:7:4,43,31,7,4,23,
Кировская область,Слободское,Слободское,92,29,43:31:7:4:24,43:31,43:31:7,43:31:7:4,43,31,7,4,24,
Кировская область,Слободское,Слободское,92,30,43:31:7:4:22,43:31,43:31:7,43:31:7:4,43,31,7,4,22,
Кировская область,Слободское,Слободское,92,31,43:31:7:4:30,43:31,43:31:7,43:31:7:4,43,31,7,4,30,
Кировская область,Слободское,Слободское,92,32,43:31:7:4:32,43:31,43:31:7,43:31:7:4,43,31,7,4,32,
Кировская область,Слободское,Слободское,92,33,43:31:7:4:31,43:31,43:31:7,43:31:7:4,43,31,7,4,31,
Кировская область,Слободское,Слободское,92,34,43:31:7:4:29,43:31,43:31:7,43:31:7:4,43,31,7,4,29,
Кировская область,Слободское,Слободское,92,35,43:31:7:4:35,43:31,43:31:7,43:31:7:4,43,31,7,4,35,
Кировская область,Слободское,Слободское,92,36,43:31:7:4:36,43:31,43:31:7,43:31:7:4,43,31,7,4,36,
Кировская область,Слободское,Слободское,92,37,43:31:7:4:38,43:31,43:31:7,43:31:7:4,43,31,7,4,38,
Кировская область,Слободское,Слободское,92,38,43:31:7:4:37,43:31,43:31:7,43:31:7:4,43,31,7,4,37,
Кировская область,Слободское,Слободское,92,39,43:31:7:4:39,43:31,43:31:7,43:31:7:4,43,31,7,4,39,
Кировская область,Слободское,Слободское,92,40,43:31:7:4:43,43:31,43:31:7,43:31:7:4,43,31,7,4,43,
Кировская область,Слободское,Слободское,92,41,43:31:7:4:42,43:31,43:31:7,43:31:7:4,43,31,7,4,42,
Кировская область,Слободское,Слободское,92,42,43:31:7:4:41,43:31,43:31:7,43:31:7:4,43,31,7,4,41,
Кировская область,Слободское,Слободское,92,43,43:31:7:4:44,43:31,43:31:7,43:31:7:4,43,31,7,4,44,
Кировская область,Слободское,Слободское,92,44,43:31:7:4:45,43:31,43:31:7,43:31:7:4,43,31,7,4,45,
Кировская область,Слободское,Слободское,92,45,43:31:7:4:48,43:31,43:31:7,43:31:7:4,43,31,7,4,48,
Кировская область,Слободское,Слободское,92,46,43:31:7:4:46,43:31,43:31:7,43:31:7:4,43,31,7,4,46,
Кировская область,Слободское,Слободское,92,47,43:31:7:4:47,43:31,43:31:7,43:31:7:4,43,31,7,4,47,
Кировская область,Слободское,Слободское,92,48,43:31:7:4:49,43:31,43:31:7,43:31:7:4,43,31,7,4,49,
Кировская область,Слободское,Слободское,92,49,43:31:7:4:50,43:31,43:31:7,43:31:7:4,43,31,7,4,50,
Кировская область,Слободское,Слободское,92,50,43:31:7:4:34,43:31,43:31:7,43:31:7:4,43,31,7,4,34,
Кировская область,Слободское,Слободское,92,52,43:31:7:4:40,43:31,43:31:7,43:31:7:4,43,31,7,4,40,
Кировская область,Слободское,Слободское,92,54,43:31:7:4:12,43:31,43:31:7,43:31:7:4,43,31,7,4,12,
Кировская область,Слободское,Слободское,92,55,43:31:7:4:33,43:31,43:31:7,43:31:7:4,43,31,7,4,33,
Кировская область,Слободское,Слободское,92,56,43:31:7:4:28,43:31,43:31:7,43:31:7:4,43,31,7,4,28,
Кировская область,Слободское,Слободское,93,1,43:31:7:3:1,43:31,43:31:7,43:31:7:3,43,31,7,3,1,
Кировская область,Слободское,Слободское,93,2,43:31:7:3:2,43:31,43:31:7,43:31:7:3,43,31,7,3,2,
Кировская область,Слободское,Слободское,93,3,43:31:7:3:4,43:31,43:31:7,43:31:7:3,43,31,7,3,4,
Кировская область,Слободское,Слободское,93,4,43:31:7:3:3,43:31,43:31:7,43:31:7:3,43,31,7,3,3,
Кировская область,Слободское,Слободское,93,5,43:31:7:3:6,43:31,43:31:7,43:31:7:3,43,31,7,3,6,
Кировская область,Слободское,Слободское,93,6,43:31:7:3:7,43:31,43:31:7,43:31:7:3,43,31,7,3,7,
Кировская область,Слободское,Слободское,93,7,43:31:7:3:5,43:31,43:31:7,43:31:7:3,43,31,7,3,5,
Кировская область,Слободское,Слободское,93,8,43:31:7:3:8,43:31,43:31:7,43:31:7:3,43,31,7,3,8,
Кировская область,Слободское,Слободское,93,9,43:31:7:3:9,43:31,43:31:7,43:31:7:3,43,31,7,3,9,
Кировская область,Слободское,Слободское,93,10,43:31:7:3:10,43:31,43:31:7,43:31:7:3,43,31,7,3,10,
Кировская область,Слободское,Слободское,93,11,43:31:7:3:12,43:31,43:31:7,43:31:7:3,43,31,7,3,12,
Кировская область,Слободское,Слободское,93,12,43:31:7:3:11,43:31,43:31:7,43:31:7:3,43,31,7,3,11,
Кировская область,Слободское,Слободское,93,13,43:31:7:3:13,43:31,43:31:7,43:31:7:3,43,31,7,3,13,
Кировская область,Слободское,Слободское,93,14,43:31:7:3:14,43:31,43:31:7,43:31:7:3,43,31,7,3,14,
Кировская область,Слободское,Слободское,93,15,43:31:7:3:15,43:31,43:31:7,43:31:7:3,43,31,7,3,15,
Кировская область,Слободское,Слободское,93,16,43:31:7:3:16,43:31,43:31:7,43:31:7:3,43,31,7,3,16,
Кировская область,Слободское,Слободское,93,17,43:31:7:3:17,43:31,43:31:7,43:31:7:3,43,31,7,3,17,
Кировская область,Слободское,Слободское,93,18,43:31:7:3:18,43:31,43:31:7,43:31:7:3,43,31,7,3,18,
Кировская область,Слободское,Слободское,93,19,43:31:7:3:19,43:31,43:31:7,43:31:7:3,43,31,7,3,19,
Кировская область,Слободское,Слободское,93,20,43:31:7:3:20,43:31,43:31:7,43:31:7:3,43,31,7,3,20,
Кировская область,Слободское,Слободское,93,21,43:31:7:3:37,43:31,43:31:7,43:31:7:3,43,31,7,3,37,
Кировская область,Слободское,Слободское,93,22,43:31:7:3:23,43:31,43:31:7,43:31:7:3,43,31,7,3,23,
Кировская область,Слободское,Слободское,93,23,43:31:7:3:24,43:31,43:31:7,43:31:7:3,43,31,7,3,24,
Кировская область,Слободское,Слободское,93,24,43:31:7:3:21,43:31,43:31:7,43:31:7:3,43,31,7,3,21,
Кировская область,Слободское,Слободское,93,25,43:31:7:3:25,43:31,43:31:7,43:31:7:3,43,31,7,3,25,
Кировская область,Слободское,Слободское,93,26,43:31:7:3:27,43:31,43:31:7,43:31:7:3,43,31,7,3,27,
Кировская область,Слободское,Слободское,93,27,43:31:7:3:29,43:31,43:31:7,43:31:7:3,43,31,7,3,29,
Кировская область,Слободское,Слободское,93,28,43:31:7:3:31,43:31,43:31:7,43:31:7:3,43,31,7,3,31,
Кировская область,Слободское,Слободское,93,29,43:31:7:3:26,43:31,43:31:7,43:31:7:3,43,31,7,3,26,
Кировская область,Слободское,Слободское,93,30,43:31:7:3:32,43:31,43:31:7,43:31:7:3,43,31,7,3,32,
Кировская область,Слободское,Слободское,93,31,43:31:7:3:30,43:31,43:31:7,43:31:7:3,43,31,7,3,30,
Кировская область,Слободское,Слободское,93,32,43:31:7:3:33,43:31,43:31:7,43:31:7:3,43,31,7,3,33,
Кировская область,Слободское,Слободское,93,33,43:31:7:3:28,43:31,43:31:7,43:31:7:3,43,31,7,3,28,
Кировская область,Слободское,Слободское,93,34,43:31:7:3:34,43:31,43:31:7,43:31:7:3,43,31,7,3,34,
Кировская область,Слободское,Слободское,93,35,43:31:7:3:38,43:31,43:31:7,43:31:7:3,43,31,7,3,38,
Кировская область,Слободское,Слободское,93,36,43:31:7:3:36,43:31,43:31:7,43:31:7:3,43,31,7,3,36,
Кировская область,Слободское,Слободское,93,37,43:31:7:3:39,43:31,43:31:7,43:31:7:3,43,31,7,3,39,
Кировская область,Слободское,Слободское,93,38,43:31:7:3:35,43:31,43:31:7,43:31:7:3,43,31,7,3,35,
Кировская область,Слободское,Слободское,93,39,43:31:7:3:22,43:31,43:31:7,43:31:7:3,43,31,7,3,22,
Кировская область,Слободское,Слободское,107,1,43:31:7:5:1,43:31,43:31:7,43:31:7:5,43,31,7,5,1,
Кировская область,Слободское,Слободское,107,2,43:31:7:5:2,43:31,43:31:7,43:31:7:5,43,31,7,5,2,
Кировская область,Слободское,Слободское,107,3,43:31:7:5:6,43:31,43:31:7,43:31:7:5,43,31,7,5,6,
Кировская область,Слободское,Слободское,107,4,43:31:7:5:3,43:31,43:31:7,43:31:7:5,43,31,7,5,3,
Кировская область,Слободское,Слободское,107,5,43:31:7:5:4,43:31,43:31:7,43:31:7:5,43,31,7,5,4,
Кировская область,Слободское,Слободское,107,6,43:31:7:5:5,43:31,43:31:7,43:31:7:5,43,31,7,5,5,
Кировская область,Слободское,Слободское,107,7,43:31:7:5:8,43:31,43:31:7,43:31:7:5,43,31,7,5,8,
Кировская область,Слободское,Слободское,107,8,43:31:7:5:9,43:31,43:31:7,43:31:7:5,43,31,7,5,9,
Кировская область,Слободское,Слободское,107,9,43:31:7:5:7,43:31,43:31:7,43:31:7:5,43,31,7,5,7,
Кировская область,Слободское,Слободское,107,10,43:31:7:5:10,43:31,43:31:7,43:31:7:5,43,31,7,5,10,
Кировская область,Слободское,Слободское,107,11,43:31:7:5:11,43:31,43:31:7,43:31:7:5,43,31,7,5,11,
Кировская область,Слободское,Слободское,107,12,43:31:7:5:12,43:31,43:31:7,43:31:7:5,43,31,7,5,12,
Кировская область,Слободское,Слободское,107,13,43:31:7:5:15,43:31,43:31:7,43:31:7:5,43,31,7,5,15,
Кировская область,Слободское,Слободское,107,14,43:31:7:5:14,43:31,43:31:7,43:31:7:5,43,31,7,5,14,
Кировская область,Слободское,Слободское,107,15,43:31:7:5:16,43:31,43:31:7,43:31:7:5,43,31,7,5,16,
Кировская область,Слободское,Слободское,107,16,43:31:7:5:17,43:31,43:31:7,43:31:7:5,43,31,7,5,17,
Кировская область,Слободское,Слободское,107,17,43:31:7:5:23,43:31,43:31:7,43:31:7:5,43,31,7,5,23,
Кировская область,Слободское,Слободское,107,18,43:31:7:5:21,43:31,43:31:7,43:31:7:5,43,31,7,5,21,
Кировская область,Слободское,Слободское,107,19,43:31:7:5:19,43:31,43:31:7,43:31:7:5,43,31,7,5,19,
Кировская область,Слободское,Слободское,107,20,43:31:7:5:24,43:31,43:31:7,43:31:7:5,43,31,7,5,24,
Кировская область,Слободское,Слободское,107,21,43:31:7:5:20,43:31,43:31:7,43:31:7:5,43,31,7,5,20,
Кировская область,Слободское,Слободское,107,22,43:31:7:5:25,43:31,43:31:7,43:31:7:5,43,31,7,5,25,
Кировская область,Слободское,Слободское,107,23,43:31:7:5:26,43:31,43:31:7,43:31:7:5,43,31,7,5,26,
Кировская область,Слободское,Слободское,107,24,43:31:7:5:33,43:31,43:31:7,43:31:7:5,43,31,7,5,33,
Кировская область,Слободское,Слободское,107,25,43:31:7:5:27,43:31,43:31:7,43:31:7:5,43,31,7,5,27,
Кировская область,Слободское,Слободское,107,26,43:31:7:5:29,43:31,43:31:7,43:31:7:5,43,31,7,5,29,
Кировская область,Слободское,Слободское,107,27,43:31:7:5:30,43:31,43:31:7,43:31:7:5,43,31,7,5,30,
Кировская область,Слободское,Слободское,107,28,43:31:7:5:28,43:31,43:31:7,43:31:7:5,43,31,7,5,28,
Кировская область,Слободское,Слободское,107,29,43:31:7:5:31,43:31,43:31:7,43:31:7:5,43,31,7,5,31,
Кировская область,Слободское,Слободское,107,30,43:31:7:5:32,43:31,43:31:7,43:31:7:5,43,31,7,5,32,
Кировская область,Слободское,Слободское,107,31,43:31:7:5:34,43:31,43:31:7,43:31:7:5,43,31,7,5,34,
Кировская область,Слободское,Слободское,107,32,43:31:7:5:37,43:31,43:31:7,43:31:7:5,43,31,7,5,37,
Кировская область,Слободское,Слободское,107,33,43:31:7:5:36,43:31,43:31:7,43:31:7:5,43,31,7,5,36,
Кировская область,Слободское,Слободское,107,34,43:31:7:5:35,43:31,43:31:7,43:31:7:5,43,31,7,5,35,
Кировская область,Слободское,Слободское,107,35,43:31:7:5:38,43:31,43:31:7,43:31:7:5,43,31,7,5,38,
Кировская область,Слободское,Слободское,107,36,43:31:7:5:39,43:31,43:31:7,43:31:7:5,43,31,7,5,39,
Кировская область,Слободское,Слободское,107,38,43:31:7:5:40,43:31,43:31:7,43:31:7:5,43,31,7,5,40,
Кировская область,Слободское,Слободское,107,39,43:31:7:5:42,43:31,43:31:7,43:31:7:5,43,31,7,5,42,
Кировская область,Слободское,Слободское,107,40,43:31:7:5:41,43:31,43:31:7,43:31:7:5,43,31,7,5,41,
Кировская область,Слободское,Слободское,107,41,43:31:7:5:43,43:31,43:31:7,43:31:7:5,43,31,7,5,43,
Кировская область,Слободское,Слободское,107,42,43:31:7:5:44,43:31,43:31:7,43:31:7:5,43,31,7,5,44,
Кировская область,Слободское,Слободское,107,43,43:31:7:5:45,43:31,43:31:7,43:31:7:5,43,31,7,5,45,
Кировская область,Слободское,Слободское,107,44,43:31:7:5:22,43:31,43:31:7,43:31:7:5,43,31,7,5,22,
Кировская область,Слободское,Слободское,107,45,43:31:7:5:18,43:31,43:31:7,43:31:7:5,43,31,7,5,18,
Кировская область,Слободское,Слободское,107,46,43:31:7:5:13,43:31,43:31:7,43:31:7:5,43,31,7,5,13,
Кировская область,Слободское,Слободское,108,1,43:31:7:6:1,43:31,43:31:7,43:31:7:6,43,31,7,6,1,
Кировская область,Слободское,Слободское,108,2,43:31:7:6:2,43:31,43:31:7,43:31:7:6,43,31,7,6,2,
Кировская область,Слободское,Слободское,108,3,43:31:7:6:3,43:31,43:31:7,43:31:7:6,43,31,7,6,3,
Кировская область,Слободское,Слободское,108,4,43:31:7:6:4,43:31,43:31:7,43:31:7:6,43,31,7,6,4,
Кировская область,Слободское,Слободское,108,5,43:31:7:6:5,43:31,43:31:7,43:31:7:6,43,31,7,6,5,
Кировская область,Слободское,Слободское,108,6,43:31:7:6:6,43:31,43:31:7,43:31:7:6,43,31,7,6,6,
Кировская область,Слободское,Слободское,108,7,43:31:7:6:8,43:31,43:31:7,43:31:7:6,43,31,7,6,8,
Кировская область,Слободское,Слободское,108,8,43:31:7:6:7,43:31,43:31:7,43:31:7:6,43,31,7,6,7,
Кировская область,Слободское,Слободское,108,9,43:31:7:6:9,43:31,43:31:7,43:31:7:6,43,31,7,6,9,
Кировская область,Слободское,Слободское,108,10,43:31:7:6:11,43:31,43:31:7,43:31:7:6,43,31,7,6,11,
Кировская область,Слободское,Слободское,108,11,43:31:7:6:10,43:31,43:31:7,43:31:7:6,43,31,7,6,10,
Кировская область,Слободское,Слободское,108,12,43:31:7:6:15,43:31,43:31:7,43:31:7:6,43,31,7,6,15,
Кировская область,Слободское,Слободское,108,13,43:31:7:6:14,43:31,43:31:7,43:31:7:6,43,31,7,6,14,
Кировская область,Слободское,Слободское,108,14,43:31:7:6:13,43:31,43:31:7,43:31:7:6,43,31,7,6,13,
Кировская область,Слободское,Слободское,108,15,43:31:7:6:12,43:31,43:31:7,43:31:7:6,43,31,7,6,12,
Кировская область,Слободское,Слободское,108,16,43:31:7:6:16,43:31,43:31:7,43:31:7:6,43,31,7,6,16,
Кировская область,Слободское,Слободское,108,17,43:31:7:6:17,43:31,43:31:7,43:31:7:6,43,31,7,6,17,
Кировская область,Слободское,Слободское,111,1,43:31:7:7:1,43:31,43:31:7,43:31:7:7,43,31,7,7,1,
Кировская область,Слободское,Слободское,111,2,43:31:7:7:12,43:31,43:31:7,43:31:7:7,43,31,7,7,12,
Кировская область,Слободское,Слободское,111,3,43:31:7:7:2,43:31,43:31:7,43:31:7:7,43,31,7,7,2,
Кировская область,Слободское,Слободское,111,4,43:31:7:7:3,43:31,43:31:7,43:31:7:7,43,31,7,7,3,
Кировская область,Слободское,Слободское,111,6,43:31:7:7:4,43:31,43:31:7,43:31:7:7,43,31,7,7,4,
Кировская область,Слободское,Слободское,111,7,43:31:7:7:5,43:31,43:31:7,43:31:7:7,43,31,7,7,5,
Кировская область,Слободское,Слободское,111,8,43:31:7:7:7,43:31,43:31:7,43:31:7:7,43,31,7,7,7,
Кировская область,Слободское,Слободское,111,9,43:31:7:7:8,43:31,43:31:7,43:31:7:7,43,31,7,7,8,
Кировская область,Слободское,Слободское,111,10,43:31:7:7:6,43:31,43:31:7,43:31:7:7,43,31,7,7,6,
Кировская область,Слободское,Слободское,111,11,43:31:7:7:14,43:31,43:31:7,43:31:7:7,43,31,7,7,14,
Кировская область,Слободское,Слободское,111,12,43:31:7:7:9,43:31,43:31:7,43:31:7:7,43,31,7,7,9,
Кировская область,Слободское,Слободское,111,14,43:31:7:7:11,43:31,43:31:7,43:31:7:7,43,31,7,7,11,
Кировская область,Слободское,Слободское,111,15,43:31:7:7:10,43:31,43:31:7,43:31:7:7,43,31,7,7,10,
Кировская область,Слободское,Слободское,111,16,43:31:7:7:17,43:31,43:31:7,43:31:7:7,43,31,7,7,17,
Кировская область,Слободское,Слободское,111,17,43:31:7:7:20,43:31,43:31:7,43:31:7:7,43,31,7,7,20,
Кировская область,Слободское,Слободское,111,18,43:31:7:7:13,43:31,43:31:7,43:31:7:7,43,31,7,7,13,
Кировская область,Слободское,Слободское,111,19,43:31:7:7:16,43:31,43:31:7,43:31:7:7,43,31,7,7,16,
Кировская область,Слободское,Слободское,111,20,43:31:7:7:26,43:31,43:31:7,43:31:7:7,43,31,7,7,26,
Кировская область,Слободское,Слободское,111,21,43:31:7:7:27,43:31,43:31:7,43:31:7:7,43,31,7,7,27,
Кировская область,Слободское,Слободское,111,22,43:31:7:7:33,43:31,43:31:7,43:31:7:7,43,31,7,7,33,
Кировская область,Слободское,Слободское,111,23,43:31:7:7:18,43:31,43:31:7,43:31:7:7,43,31,7,7,18,
Кировская область,Слободское,Слободское,111,24,43:31:7:7:25,43:31,43:31:7,43:31:7:7,43,31,7,7,25,
Кировская область,Слободское,Слободское,111,25,43:31:7:7:22,43:31,43:31:7,43:31:7:7,43,31,7,7,22,
Кировская область,Слободское,Слободское,111,26,43:31:7:7:29,43:31,43:31:7,43:31:7:7,43,31,7,7,29,
Кировская область,Слободское,Слободское,111,27,43:31:7:7:31,43:31,43:31:7,43:31:7:7,43,31,7,7,31,
Кировская область,Слободское,Слободское,111,28,43:31:7:7:19,43:31,43:31:7,43:31:7:7,43,31,7,7,19,
Кировская область,Слободское,Слободское,111,29,43:31:7:7:15,43:31,43:31:7,43:31:7:7,43,31,7,7,15,
Кировская область,Слободское,Слободское,111,30,43:31:7:7:24,43:31,43:31:7,43:31:7:7,43,31,7,7,24,
Кировская область,Слободское,Слободское,111,31,43:31:7:7:21,43:31,43:31:7,43:31:7:7,43,31,7,7,21,
Кировская область,Слободское,Слободское,111,32,43:31:7:7:23,43:31,43:31:7,43:31:7:7,43,31,7,7,23,
Кировская область,Слободское,Слободское,111,33,43:31:7:7:28,43:31,43:31:7,43:31:7:7,43,31,7,7,28,
Кировская область,Слободское,Слободское,111,34,43:31:7:7:41,43:31,43:31:7,43:31:7:7,43,31,7,7,41,
Кировская область,Слободское,Слободское,111,35,43:31:7:7:43,43:31,43:31:7,43:31:7:7,43,31,7,7,43,
Кировская область,Слободское,Слободское,111,37,43:31:7:7:30,43:31,43:31:7,43:31:7:7,43,31,7,7,30,
Кировская область,Слободское,Слободское,111,38,43:31:7:7:32,43:31,43:31:7,43:31:7:7,43,31,7,7,32,
Кировская область,Слободское,Слободское,111,39,43:31:7:7:35,43:31,43:31:7,43:31:7:7,43,31,7,7,35,
Кировская область,Слободское,Слободское,111,40,43:31:7:7:38,43:31,43:31:7,43:31:7:7,43,31,7,7,38,
Кировская область,Слободское,Слободское,111,41,43:31:7:7:39,43:31,43:31:7,43:31:7:7,43,31,7,7,39,
Кировская область,Слободское,Слободское,111,42,43:31:7:7:36,43:31,43:31:7,43:31:7:7,43,31,7,7,36,
Кировская область,Слободское,Слободское,111,43,43:31:7:7:37,43:31,43:31:7,43:31:7:7,43,31,7,7,37,
Кировская область,Слободское,Слободское,111,44,43:31:7:7:40,43:31,43:31:7,43:31:7:7,43,31,7,7,40,
Кировская область,Слободское,Слободское,111,45,43:31:7:7:42,43:31,43:31:7,43:31:7:7,43,31,7,7,42,
Кировская область,Слободское,Слободское,111,46,43:31:7:7:34,43:31,43:31:7,43:31:7:7,43,31,7,7,34,
Кировская область,Слободское,Слободское,111,47,43:31:7:7:49,43:31,43:31:7,43:31:7:7,43,31,7,7,49,
Кировская область,Слободское,Слободское,111,48,43:31:7:7:50,43:31,43:31:7,43:31:7:7,43,31,7,7,50,
Кировская область,Слободское,Слободское,111,49,43:31:7:7:53,43:31,43:31:7,43:31:7:7,43,31,7,7,53,
Кировская область,Слободское,Слободское,111,50,43:31:7:7:45,43:31,43:31:7,43:31:7:7,43,31,7,7,45,
Кировская область,Слободское,Слободское,111,51,43:31:7:7:44,43:31,43:31:7,43:31:7:7,43,31,7,7,44,
Кировская область,Слободское,Слободское,111,52,43:31:7:7:47,43:31,43:31:7,43:31:7:7,43,31,7,7,47,
Кировская область,Слободское,Слободское,111,53,43:31:7:7:54,43:31,43:31:7,43:31:7:7,43,31,7,7,54,
Кировская область,Слободское,Слободское,111,54,43:31:7:7:46,43:31,43:31:7,43:31:7:7,43,31,7,7,46,
Кировская область,Слободское,Слободское,111,55,43:31:7:7:55,43:31,43:31:7,43:31:7:7,43,31,7,7,55,
Кировская область,Слободское,Слободское,111,56,43:31:7:7:56,43:31,43:31:7,43:31:7:7,43,31,7,7,56,
Кировская область,Слободское,Слободское,111,57,43:31:7:7:52,43:31,43:31:7,43:31:7:7,43,31,7,7,52,
Кировская область,Слободское,Слободское,111,58,43:31:7:7:51,43:31,43:31:7,43:31:7:7,43,31,7,7,51,
Кировская область,Слободское,Слободское,111,59,43:31:7:7:48,43:31,43:31:7,43:31:7:7,43,31,7,7,48,
Кировская область,Слободское,Слободское,111,60,43:31:7:7:59,43:31,43:31:7,43:31:7:7,43,31,7,7,59,
Кировская область,Слободское,Слободское,111,61,43:31:7:7:58,43:31,43:31:7,43:31:7:7,43,31,7,7,58,
Кировская область,Слободское,Слободское,111,62,43:31:7:7:57,43:31,43:31:7,43:31:7:7,43,31,7,7,57,
Кировская область,Слободское,Слободское,111,63,43:31:7:7:60,43:31,43:31:7,43:31:7:7,43,31,7,7,60,
Кировская область,Слободское,Слободское,111,64,43:31:7:7:61,43:31,43:31:7,43:31:7:7,43,31,7,7,61,
Кировская область,Слободское,Слободское,111,65,43:31:7:7:63,43:31,43:31:7,43:31:7:7,43,31,7,7,63,
Кировская область,Слободское,Слободское,111,66,43:31:7:7:62,43:31,43:31:7,43:31:7:7,43,31,7,7,62,
Кировская область,Слободское,Слободское,112,1,43:31:7:8:1,43:31,43:31:7,43:31:7:8,43,31,7,8,1,
Кировская область,Слободское,Слободское,112,2,43:31:7:8:2,43:31,43:31:7,43:31:7:8,43,31,7,8,2,
Кировская область,Слободское,Слободское,112,3,43:31:7:8:4,43:31,43:31:7,43:31:7:8,43,31,7,8,4,
Кировская область,Слободское,Слободское,112,4,43:31:7:8:3,43:31,43:31:7,43:31:7:8,43,31,7,8,3,
Кировская область,Слободское,Слободское,112,5,43:31:7:8:6,43:31,43:31:7,43:31:7:8,43,31,7,8,6,
Кировская область,Слободское,Слободское,112,6,43:31:7:8:5,43:31,43:31:7,43:31:7:8,43,31,7,8,5,
Кировская область,Слободское,Слободское,112,7,43:31:7:8:12,43:31,43:31:7,43:31:7:8,43,31,7,8,12,
Кировская область,Слободское,Слободское,112,8,43:31:7:8:8,43:31,43:31:7,43:31:7:8,43,31,7,8,8,
Кировская область,Слободское,Слободское,112,9,43:31:7:8:11,43:31,43:31:7,43:31:7:8,43,31,7,8,11,
Кировская область,Слободское,Слободское,112,10,43:31:7:8:7,43:31,43:31:7,43:31:7:8,43,31,7,8,7,
Кировская область,Слободское,Слободское,112,11,43:31:7:8:22,43:31,43:31:7,43:31:7:8,43,31,7,8,22,
Кировская область,Слободское,Слободское,112,12,43:31:7:8:17,43:31,43:31:7,43:31:7:8,43,31,7,8,17,
Кировская область,Слободское,Слободское,112,13,43:31:7:8:18,43:31,43:31:7,43:31:7:8,43,31,7,8,18,
Кировская область,Слободское,Слободское,112,14,43:31:7:8:15,43:31,43:31:7,43:31:7:8,43,31,7,8,15,
Кировская область,Слободское,Слободское,112,15,43:31:7:8:13,43:31,43:31:7,43:31:7:8,43,31,7,8,13,
Кировская область,Слободское,Слободское,112,16,43:31:7:8:16,43:31,43:31:7,43:31:7:8,43,31,7,8,16,
Кировская область,Слободское,Слободское,112,17,43:31:7:8:19,43:31,43:31:7,43:31:7:8,43,31,7,8,19,
Кировская область,Слободское,Слободское,112,18,43:31:7:8:23,43:31,43:31:7,43:31:7:8,43,31,7,8,23,
Кировская область,Слободское,Слободское,112,19,43:31:7:8:24,43:31,43:31:7,43:31:7:8,43,31,7,8,24,
Кировская область,Слободское,Слободское,112,20,43:31:7:8:20,43:31,43:31:7,43:31:7:8,43,31,7,8,20,
Кировская область,Слободское,Слободское,112,21,43:31:7:8:25,43:31,43:31:7,43:31:7:8,43,31,7,8,25,
Кировская область,Слободское,Слободское,112,22,43:31:7:8:26,43:31,43:31:7,43:31:7:8,43,31,7,8,26,
Кировская область,Слободское,Слободское,112,23,43:31:7:8:32,43:31,43:31:7,43:31:7:8,43,31,7,8,32,
Кировская область,Слободское,Слободское,112,24,43:31:7:8:29,43:31,43:31:7,43:31:7:8,43,31,7,8,29,
Кировская область,Слободское,Слободское,112,25,43:31:7:8:27,43:31,43:31:7,43:31:7:8,43,31,7,8,27,
Кировская область,Слободское,Слободское,112,26,43:31:7:8:14,43:31,43:31:7,43:31:7:8,43,31,7,8,14,
Кировская область,Слободское,Слободское,112,27,43:31:7:8:28,43:31,43:31:7,43:31:7:8,43,31,7,8,28,
Кировская область,Слободское,Слободское,112,28,43:31:7:8:30,43:31,43:31:7,43:31:7:8,43,31,7,8,30,
Кировская область,Слободское,Слободское,112,29,43:31:7:8:31,43:31,43:31:7,43:31:7:8,43,31,7,8,31,
Кировская область,Слободское,Слободское,112,30,43:31:7:8:34,43:31,43:31:7,43:31:7:8,43,31,7,8,34,
Кировская область,Слободское,Слободское,112,31,43:31:7:8:39,43:31,43:31:7,43:31:7:8,43,31,7,8,39,
Кировская область,Слободское,Слободское,112,32,43:31:7:8:40,43:31,43:31:7,43:31:7:8,43,31,7,8,40,
Кировская область,Слободское,Слободское,112,33,43:31:7:8:35,43:31,43:31:7,43:31:7:8,43,31,7,8,35,
Кировская область,Слободское,Слободское,112,34,43:31:7:8:36,43:31,43:31:7,43:31:7:8,43,31,7,8,36,
Кировская область,Слободское,Слободское,112,35,43:31:7:8:37,43:31,43:31:7,43:31:7:8,43,31,7,8,37,
Кировская область,Слободское,Слободское,112,36,43:31:7:8:33,43:31,43:31:7,43:31:7:8,43,31,7,8,33,
Кировская область,Слободское,Слободское,112,37,43:31:7:8:51,43:31,43:31:7,43:31:7:8,43,31,7,8,51,
Кировская область,Слободское,Слободское,112,38,43:31:7:8:43,43:31,43:31:7,43:31:7:8,43,31,7,8,43,
Кировская область,Слободское,Слободское,112,39,43:31:7:8:45,43:31,43:31:7,43:31:7:8,43,31,7,8,45,
Кировская область,Слободское,Слободское,112,40,43:31:7:8:46,43:31,43:31:7,43:31:7:8,43,31,7,8,46,
Кировская область,Слободское,Слободское,112,41,43:31:7:8:44,43:31,43:31:7,43:31:7:8,43,31,7,8,44,
Кировская область,Слободское,Слободское,112,42,43:31:7:8:48,43:31,43:31:7,43:31:7:8,43,31,7,8,48,
Кировская область,Слободское,Слободское,112,43,43:31:7:8:47,43:31,43:31:7,43:31:7:8,43,31,7,8,47,
Кировская область,Слободское,Слободское,112,44,43:31:7:8:38,43:31,43:31:7,43:31:7:8,43,31,7,8,38,
Кировская область,Слободское,Слободское,112,45,43:31:7:8:52,43:31,43:31:7,43:31:7:8,43,31,7,8,52,
Кировская область,Слободское,Слободское,112,46,43:31:7:8:50,43:31,43:31:7,43:31:7:8,43,31,7,8,50,
Кировская область,Слободское,Слободское,112,47,43:31:7:8:49,43:31,43:31:7,43:31:7:8,43,31,7,8,49,
Кировская область,Слободское,Слободское,112,48,43:31:7:8:41,43:31,43:31:7,43:31:7:8,43,31,7,8,41,
Кировская область,Слободское,Слободское,112,49,43:31:7:8:10,43:31,43:31:7,43:31:7:8,43,31,7,8,10,
Кировская область,Слободское,Слободское,112,50,43:31:7:8:42,43:31,43:31:7,43:31:7:8,43,31,7,8,42,
Кировская область,Слободское,Слободское,112,51,43:31:7:8:21,43:31,43:31:7,43:31:7:8,43,31,7,8,21,
Кировская область,Слободское,Слободское,112,52,43:31:7:8:9,43:31,43:31:7,43:31:7:8,43,31,7,8,9,
